Designator,Footprint,Quantity,Value,LCSC Part #
C1,0805,1,1uF,C107367
"C10, C11",C_Disc_D5.0mm_W2.5mm_P5.00mm,2,15pF,
C12,0805,1,10uF,C17024
"C13, C4, C5, C6, C7, C8",0603,6,100nF,
"C14, C2, C9",0805,3,1uF,
C15,0805,1,10uF,
C3,0603,1,100nF,C1856507
D1,0805,1,PWR LED,C2297
D2,0805,1,RUN LED,C2293
D3,0805,1,CAN LED,C2296
D4,0805,1,FAULT LED,C2295
J1,PinHeader_1x05_P2.54mm_Vertical,1,Conn_01x05_Pin,
J2,PinHeader_2x20_P2.54mm_Vertical,1,connectorL,
J3,PinHeader_2x20_P2.54mm_Vertical,1,connectorR,
J4,PinHeader_1x04_P2.54mm_Vertical,1,power,
R1,0805,1,10kΩ,C17414
R2,0805,1,10kΩ,
R3,0805,1,330Ω,C17630
R4,0805,1,220Ω,C17557
"R5, R6",0805,2,1kΩ,C17513
"R7, R8",0805,2,5.1kΩ,C27834
SW1,SW_PUSH_6mm,1,Reset,
U1,LQFP-64_10x10mm_P0.5mm,1,STM32G474RETx,C521608
U2,SOT-23-5,1,TPS7A20xxxDBV,C2862740
USB1,USB-C-SMD_TYPE-C-16PIN-2MD-073,1,TYPE-C 16PIN 2MD,C2765186
Y1,Crystal_SMD_0603-2Pin_6.0x3.5mm,1,Crystal,C18186341
