Designator,Mid X,Mid Y,Rotation,Layer
C1,185.6,-148.25,270.0,top
C10,164.6,-123.0,270.0,top
C11,167.09999995296636,-138.20000004703363,45.0,top
C12,186.1,-151.1,180.0,top
C13,183.6,-130.6,135.0,top
C14,186.4,-130.9,135.0,top
C15,178.3,-147.8,180.0,top
C2,178.3,-145.7,180.0,top
C3,168.0,-125.3,270.0,top
C4,175.2,-135.2,90.0,top
C5,184.7,-126.3,225.0,top
C6,179.4,-117.3,225.0,top
C7,167.9,-122.225,270.0,top
C8,185.0,-128.7,225.0,top
C9,187.4,-126.6,45.0,top
D1,176.0,-141.1,90.0,top
D2,178.1,-141.1,90.0,top
D3,180.2,-141.1,90.0,top
D4,182.3,-141.1,90.0,top
J1,170.5,-101.35,90.0,top
J2,161.105,-125.955,0.0,bottom
J3,191.73,-125.97,0.0,bottom
J4,177.91,-150.7,90.0,top
R1,181.4,-114.6,45.0,top
R2,165.3,-117.7,270.0,top
R3,173.9,-141.8,90.0,top
R4,178.1,-137.7,270.0,top
R5,180.2,-137.7,270.0,top
R6,182.3,-137.7,270.0,top
R7,185.7,-106.5,180.0,top
R8,180.3,-106.7,0.0,top
SW1,175.99289321881344,-111.56091270347399,135.0,top
U1,176.435519,-126.038819,315.0,top
U2,182.4,-147.1,180.0,top
USB1,183.01,-102.4,180.0,top
Y1,167.7,-130.6,135.0,top
